Number of Layers,Number of Oxygen Atoms,Surface Energy
3,4,0.9475994834009196
4,6,0.7014263513371843
5,9,0.5170975167994042
6,9,1.1322374070715746
7,12,0.9478949634722473
8,13,1.1322347589032926
9,17,0.5171171661644206
10,17,1.1322755956642228
