Number of Layers,Number of Oxygen Atoms,Surface Energy
3,5,0.42976066550455494
4,7,0.48217055725115066
5,9,0.43644349941886634
6,11,0.24542046114589167
7,13,0.43003457608196954
8,15,0.48321740501070076
9,17,0.4300703189874374
10,19,0.4300702037509014
