Number of Layers,Number of Oxygen Atoms,Surface Energy
3,17,-0.6623910708144126
4,23,-0.9623810120465077
5,29,-1.3217853516190043
6,35,-1.6532683050577794
7,41,-2.1499030504607695
8,47,-2.459787451022318
9,53,-2.6583413292124427
10,59,-2.990969550791569
