Number of Layers,Number of Oxygen Atoms,Surface Energy
3,6,0.06430359853931746
4,8,0.12087009703501626
5,10,0.10673576709318085
6,12,0.06452001863798723
7,14,0.06453519175112901
8,16,0.12114473029490484
9,18,0.06455902221573485
10,20,0.06455819401334736
