Number of Layers,Number of Oxygen Atoms,Surface Energy
3,6,0.0643035985393163
4,8,0.12087009703501535
5,10,0.10673576709318038
6,12,0.06452001863806046
7,14,0.0645351917511046
8,16,0.12114473029490437
9,18,0.06455902221575696
10,20,0.06455819401338053
