Number of Layers,Number of Copper Atoms,Number of Oxygen Atoms,Surface Energy
3,36,18,-0.9334831654060298
4,48,24,-1.2267212977131146
5,60,30,-1.5573521130564028
6,72,36,-1.9291012095090367
7,84,42,-2.261029761182519
8,96,48,-2.5536082406165352
9,108,54,-2.924972193121444
10,120,60,-3.256947782162109
